{
  "RT_GROUP_ICON": {
    "APP": {
      "0000": [
        "icon.png",
        "icon64.png",
        "icon48.png",
        "icon32.png",
        "icon16.png"
      ]
    }
  },
  "RT_MANIFEST": {
    "#1": {
      "0409": {
        "description": "A prompt theme engine for any shell.",
        "minimum-os": "win8",
        "execution-level": "as invoker",
        "long-path-aware": true,
        "segment-heap": true
      }
    }
  },
  "RT_VERSION": {
    "#1": {
      "0000": {
        "fixed": {
          "file_version": "0.0.0.0",
          "product_version": "0.0.0.0"
        },
        "info": {
          "0409": {
            "CompanyName": "github.com/jandedobbeleer",
            "FileDescription": "A prompt theme engine for any shell.",
            "InternalName": "oh-my-posh",
            "LegalCopyright": "© Jan De Dobbeleer. Licensed under MIT.",
            "OriginalFilename": "oh-my-posh.exe",
            "ProductName": "Oh My Posh"
          }
        }
      }
    }
  }
}
